case_id;activity;start_timestamp;complete_timestamp;station;rotary_table;nest;qib;error_code;tray_row;tray_column
287;ts1o;2016-11-02 07:37:23.062;2016-11-02 07:37:29.061;1;M;1;1;;;
287;ts2o;2016-11-02 07:37:32.343;2016-11-02 07:37:39.348;2;M;1;1;;;
287;ts3o;2016-11-02 07:37:54.187;2016-11-02 07:38:00.865;3;M;1;1;;;
287;ts4o;2016-11-02 07:38:00.937;2016-11-02 07:38:09.897;4;M;1;1;;;
287;ts5o;2016-11-02 07:38:08.609;2016-11-02 07:38:14.833;5;M;1;1;;;
287;ts6o;2016-11-02 07:38:15.453;2016-11-02 07:38:20.883;6;M;1;1;;;
287;ts7o;2016-11-02 07:42:44.328;2016-11-02 07:43:12.758;7;S;4;1;;;
287;ts8o;2016-11-02 07:42:45.093;2016-11-02 07:42:48.676;8;M;5;0;;0;0
287;terr;2016-11-02 07:42:45.451;2016-11-02 07:42:45.451;8;M;5;;802;;
386;ts1o;2016-11-02 08:09:18.375;2016-11-02 08:09:24.038;1;M;6;1;;;
386;ts2o;2016-11-02 08:09:26.218;2016-11-02 08:09:33.139;2;M;6;1;;;
386;ts3o;2016-11-02 08:09:35.343;2016-11-02 08:09:41.884;3;M;6;1;;;
386;ts4o;2016-11-02 08:09:47.640;2016-11-02 08:09:52.267;4;M;6;1;;;
386;ts5o;2016-11-02 08:09:54.453;2016-11-02 08:10:00.656;5;M;6;1;;;
386;ts6o;2016-11-02 08:10:01.218;2016-11-02 08:10:06.977;6;M;6;1;;;
386;ts7o;2016-11-02 08:10:34.828;2016-11-02 08:10:40.065;7;S;2;1;;;
386;ts8o;2016-11-02 08:10:45.140;2016-11-02 08:10:48.767;8;M;3;0;;0;0
386;terr;2016-11-02 08:10:45.503;2016-11-02 08:10:45.503;8;M;3;;802;;
429;ts1o;2016-11-02 08:29:31.578;2016-11-02 08:29:37.595;1;M;3;1;;;
429;ts2o;2016-11-02 08:29:46.125;2016-11-02 08:29:53.655;2;M;3;1;;;
429;ts3o;2016-11-02 08:29:55.453;2016-11-02 08:30:02.122;3;M;3;1;;;
429;ts4o;2016-11-02 08:30:04.781;2016-11-02 08:30:16.684;4;M;3;1;;;
429;ts5o;2016-11-02 08:30:11.625;2016-11-02 08:30:17.861;5;M;3;1;;;
429;ts6o;2016-11-02 08:30:23.171;2016-11-02 08:30:28.054;6;M;3;1;;;
429;ts7o;2016-11-02 08:32:27.765;2016-11-02 08:32:56.354;7;S;4;1;;;
429;ts8o;2016-11-02 08:32:28.531;2016-11-02 08:32:32.040;8;M;1;0;;0;0
429;terr;2016-11-02 08:32:28.882;2016-11-02 08:32:28.882;8;M;1;;802;;
2339;ts1o;2016-11-02 21:08:25.656;2016-11-02 21:08:31.614;1;M;1;1;;;
2339;ts2o;2016-11-02 21:08:29.968;2016-11-02 21:08:29.968;2;M;1;0;;;
2339;terr;2016-11-02 21:08:29.968;2016-11-02 21:08:29.968;2;M;1;;208;;
2339;ts3o;2016-11-02 21:08:51.093;2016-11-02 21:08:57.599;3;M;1;0;;;
2339;ts4o;2016-11-02 21:09:02.125;2016-11-02 21:09:11.212;4;M;1;0;;;
2339;ts5o;2016-11-02 21:09:16.343;2016-11-02 21:09:22.537;5;M;1;0;;;
2339;ts6o;2016-11-02 21:09:34.828;2016-11-02 21:09:34.828;6;M;1;0;;;
2339;ts7o;2016-11-02 21:09:42.125;2016-11-02 21:09:46.278;7;M;1;0;;;
2339;ts8o;2016-11-02 21:09:49.625;2016-11-02 21:09:56.071;8;M;1;0;;0;0
2726;ts1o;2016-11-02 22:29:01.328;2016-11-02 22:29:07.122;1;M;2;1;;;
2726;ts2o;2016-11-02 22:29:04.906;2016-11-02 22:29:12.197;2;M;2;0;;;
2726;terr;2016-11-02 22:29:05.635;2016-11-02 22:29:05.635;2;M;2;;208;;
2726;ts3o;2016-11-02 22:29:23.000;2016-11-02 22:29:29.593;3;M;2;0;;;
2726;ts4o;2016-11-02 22:29:29.875;2016-11-02 22:29:34.837;4;M;2;0;;;
2726;ts5o;2016-11-02 22:29:37.234;2016-11-02 22:29:43.469;5;M;2;0;;;
2726;ts6o;2016-11-02 22:29:44.515;2016-11-02 22:29:44.515;6;M;2;0;;;
2726;ts7o;2016-11-02 22:29:51.859;2016-11-02 22:29:56.081;7;M;2;0;;;
2726;ts8o;2016-11-02 22:29:59.078;2016-11-02 22:30:05.561;8;M;2;0;;0;0
3654;ts1o;2016-11-03 02:09:34.781;2016-11-03 02:09:40.436;1;M;4;1;;;
3654;ts2o;2016-11-03 02:10:21.812;2016-11-03 02:10:21.812;2;M;4;0;;;
3654;terr;2016-11-03 02:10:21.812;2016-11-03 02:10:21.812;2;M;4;;208;;
3654;ts3o;2016-11-03 02:10:36.437;2016-11-03 02:10:43.060;3;M;4;0;;;
3654;ts4o;2016-11-03 02:11:48.296;2016-11-03 02:11:59.801;4;M;4;0;;;
3654;ts5o;2016-11-03 02:12:28.671;2016-11-03 02:12:34.865;5;M;4;0;;;
3654;ts6o;2016-11-03 02:13:12.968;2016-11-03 02:13:12.968;6;M;4;0;;;
3654;ts7o;2016-11-03 02:13:31.000;2016-11-03 02:13:35.026;7;M;4;0;;;
3654;ts8o;2016-11-03 02:14:10.078;2016-11-03 02:14:16.773;8;M;4;0;;0;0
3685;ts1o;2016-11-03 02:32:32.656;2016-11-03 02:32:38.792;1;M;4;1;;;
3685;ts2o;2016-11-03 02:32:38.765;2016-11-03 02:32:48.729;2;M;4;0;;;
3685;terr;2016-11-03 02:32:39.761;2016-11-03 02:32:39.761;2;M;4;;208;;
3685;ts3o;2016-11-03 02:32:50.390;2016-11-03 02:32:57.185;3;M;4;0;;;
3685;ts4o;2016-11-03 02:32:57.265;2016-11-03 02:33:03.075;4;M;4;0;;;
3688;ts1o;2016-11-03 02:33:05.734;2016-11-03 02:33:16.795;1;M;1;1;;;
3688;ts2o;2016-11-03 02:33:11.031;2016-11-03 02:33:19.776;2;M;1;0;;;
3685;ts5o;2016-11-03 02:33:11.031;2016-11-03 02:33:17.259;5;M;4;0;;;
3688;terr;2016-11-03 02:33:11.906;2016-11-03 02:33:11.906;2;M;1;;208;;
3688;ts3o;2016-11-03 02:33:19.890;2016-11-03 02:33:28.743;3;M;1;0;;;
3685;ts6o;2016-11-03 02:33:19.890;2016-11-03 02:33:19.890;6;M;4;0;;;
3688;ts4o;2016-11-03 02:33:27.453;2016-11-03 02:33:39.296;4;M;1;0;;;
3685;ts7o;2016-11-03 02:33:27.453;2016-11-03 02:33:31.416;7;M;4;0;;;
3688;ts5o;2016-11-03 02:33:34.687;2016-11-03 02:33:40.916;5;M;1;0;;;
3685;ts8o;2016-11-03 02:33:34.687;2016-11-03 02:33:41.149;8;M;4;0;;0;0
3688;ts6o;2016-11-03 02:33:42.015;2016-11-03 02:33:42.015;6;M;1;0;;;
3688;ts7o;2016-11-03 02:33:54.796;2016-11-03 02:33:58.835;7;M;1;0;;;
3688;ts8o;2016-11-03 02:34:02.171;2016-11-03 02:34:08.609;8;M;1;0;;0;0
8306;ts7o;2016-11-03 20:57:18.953;2016-11-03 20:57:24.058;7;S;3;1;;;
8305;ts8o;2016-11-03 20:57:23.828;2016-11-03 20:57:28.119;8;M;8;1;;9;17
8307;ts7o;2016-11-03 20:57:26.625;2016-11-03 20:57:31.755;7;S;2;1;;;
8306;ts8o;2016-11-03 20:57:31.812;2016-11-03 20:57:36.402;8;M;7;1;;10;17
8308;ts7o;2016-11-03 20:57:34.421;2016-11-03 20:57:40.225;7;S;4;1;;;
8305;ts1o;2016-11-03 20:57:38.406;2016-11-03 20:57:44.229;1;M;4;1;;;
8307;ts8o;2016-11-03 20:57:39.828;2016-11-03 20:57:44.657;8;M;6;1;;11;17
8309;ts7o;2016-11-03 20:57:42.296;2016-11-03 20:57:47.448;7;S;3;1;;;
8308;ts8o;2016-11-03 20:57:47.140;2016-11-03 20:57:51.266;8;M;5;1;;12;17
8306;ts1o;2016-11-03 20:57:51.656;2016-11-03 20:57:57.667;1;M;3;1;;;
8305;ts2o;2016-11-03 20:57:52.031;2016-11-03 20:57:58.821;2;M;4;1;;;
8307;ts1o;2016-11-03 20:57:59.015;2016-11-03 20:58:05.111;1;M;2;1;;;
8306;ts2o;2016-11-03 20:57:59.578;2016-11-03 20:58:06.885;2;M;3;1;;;
8309;ts8o;2016-11-03 20:58:00.125;2016-11-03 20:58:04.669;8;M;4;1;;13;17
8305;ts3o;2016-11-03 20:58:03.484;2016-11-03 20:58:12.563;3;M;4;1;;;
8308;ts1o;2016-11-03 20:58:08.031;2016-11-03 20:58:14.103;1;M;1;1;;;
8305;ts4o;2016-11-03 20:58:09.890;2016-11-03 20:58:14.255;4;M;4;1;;;
8306;ts3o;2016-11-03 20:58:10.734;2016-11-03 20:58:17.276;3;M;3;1;;;
8307;ts2o;2016-11-03 20:58:19.437;2016-11-03 20:58:19.437;2;M;2;1;;;
8309;ts1o;2016-11-03 20:58:23.656;2016-11-03 20:58:29.863;1;M;8;1;;;
8306;ts4o;2016-11-03 20:58:25.796;2016-11-03 20:58:34.961;4;M;3;1;;;
8305;ts5o;2016-11-03 20:58:26.250;2016-11-03 20:58:32.472;5;M;4;1;;;
8307;ts3o;2016-11-03 20:58:26.375;2016-11-03 20:58:32.953;3;M;2;1;;;
8308;ts2o;2016-11-03 20:58:26.796;2016-11-03 20:58:34.165;2;M;1;1;;;
8305;ts6o;2016-11-03 20:58:32.546;2016-11-03 20:58:37.615;6;M;4;1;;;
8307;ts4o;2016-11-03 20:58:32.718;2016-11-03 20:58:38.527;4;M;2;1;;;
8306;ts5o;2016-11-03 20:58:33.750;2016-11-03 20:58:40.256;5;M;3;1;;;
8308;ts3o;2016-11-03 20:58:33.812;2016-11-03 20:58:40.507;3;M;1;1;;;
8309;ts2o;2016-11-03 20:58:34.468;2016-11-03 20:58:41.940;2;M;8;1;;;
8306;ts6o;2016-11-03 20:58:40.390;2016-11-03 20:58:45.620;6;M;3;1;;;
8307;ts5o;2016-11-03 20:58:41.281;2016-11-03 20:58:47.481;5;M;2;1;;;
8309;ts3o;2016-11-03 20:58:41.375;2016-11-03 20:58:47.912;3;M;8;1;;;
8308;ts4o;2016-11-03 20:58:41.437;2016-11-03 20:58:51.467;4;M;1;1;;;
8307;ts6o;2016-11-03 20:58:47.406;2016-11-03 20:58:52.120;6;M;2;1;;;
8309;ts4o;2016-11-03 20:58:48.187;2016-11-03 20:58:52.971;4;M;8;1;;;
8308;ts5o;2016-11-03 20:58:48.828;2016-11-03 20:58:55.067;5;M;1;1;;;
8308;ts6o;2016-11-03 20:58:55.421;2016-11-03 20:59:00.703;6;M;1;1;;;
8309;ts5o;2016-11-03 20:58:56.234;2016-11-03 20:59:02.440;5;M;8;1;;;
8309;ts6o;2016-11-03 20:59:03.640;2016-11-03 20:59:08.472;6;M;8;1;;;
8305;ts7o;2016-11-03 20:59:09.093;2016-11-03 20:59:14.227;7;S;4;1;;;
8894;ts1o;2016-11-03 22:35:24.890;2016-11-03 22:35:31.003;1;M;8;1;;;
8894;ts2o;2016-11-03 22:35:33.000;2016-11-03 22:35:40.562;2;M;8;1;;;
8894;ts3o;2016-11-03 22:35:42.250;2016-11-03 22:35:48.768;3;M;8;1;;;
8894;ts4o;2016-11-03 22:35:49.578;2016-11-03 22:35:58.952;4;M;8;1;;;
8894;ts5o;2016-11-03 22:35:56.671;2016-11-03 22:36:02.879;5;M;8;1;;;
8894;ts6o;2016-11-03 22:36:03.140;2016-11-03 22:36:08.534;6;M;8;1;;;
8894;ts7o;2016-11-03 22:36:39.078;2016-11-03 22:36:45.277;7;S;1;1;;;
8894;ts8o;2016-11-03 22:36:43.859;2016-11-03 22:37:15.603;8;M;4;0;;0;0
8894;terr;2016-11-03 22:36:47.033;2016-11-03 22:36:47.033;8;M;4;;802;;
11121;ts1o;2016-11-04 06:04:56.062;2016-11-04 06:05:24.812;1;M;6;1;;;
11121;ts2o;2016-11-04 06:06:19.593;2016-11-04 06:06:19.593;2;M;6;1;;;
11121;ts3o;2016-11-04 06:06:20.234;2016-11-04 06:06:29.120;3;M;6;0;;;
11121;terr;2016-11-04 06:06:20.234;2016-11-04 06:06:20.234;3;M;6;;302;;
13295;ts1o;2016-11-04 15:24:16.531;2016-11-04 15:24:22.962;1;M;5;1;;;
13295;ts2o;2016-11-04 15:24:26.812;2016-11-04 15:24:34.092;2;M;5;1;;;
13295;ts3o;2016-11-04 16:08:14.203;2016-11-04 16:08:42.502;3;M;5;1;;;
13295;ts4o;2016-11-04 16:08:20.812;2016-11-04 16:08:30.324;4;M;5;1;;;
13295;ts5o;2016-11-04 16:08:28.640;2016-11-04 16:08:34.841;5;M;5;1;;;
13295;ts6o;2016-11-04 16:08:34.500;2016-11-04 16:08:39.151;6;M;5;1;;;
13295;ts7o;2016-11-04 16:09:04.796;2016-11-04 16:09:10.241;7;S;3;1;;;
13295;ts8o;2016-11-04 16:09:08.812;2016-11-04 16:09:12.571;8;M;2;0;;0;0
13295;terr;2016-11-04 16:09:09.188;2016-11-04 16:09:09.188;8;M;2;;802;;
29642;ts1o;2016-11-08 15:32:16.953;2016-11-08 15:32:23.479;1;M;3;1;;;
29642;terr;2016-11-08 15:32:16.953;2016-11-08 15:32:16.953;1;M;3;;199;;
29654;ts1o;2016-11-08 17:43:20.656;2016-11-08 17:43:26.607;1;M;8;1;;;
29654;ts2o;2016-11-08 17:43:48.781;2016-11-08 17:43:48.781;2;M;8;0;;;
29654;terr;2016-11-08 17:43:48.781;2016-11-08 17:43:48.781;2;M;8;;299;;
29655;ts1o;2016-11-08 17:44:05.609;2016-11-08 17:44:05.609;1;M;7;1;;;
29655;terr;2016-11-08 17:44:05.609;2016-11-08 17:44:05.609;1;M;7;;199;;
36371;ts1o;2016-11-10 04:37:27.375;2016-11-10 04:37:33.755;1;M;3;1;;;
36371;ts2o;2016-11-10 04:37:41.078;2016-11-10 04:37:47.965;2;M;3;1;;;
36371;ts3o;2016-11-10 04:37:46.781;2016-11-10 04:37:52.130;3;M;3;1;;;
36371;ts4o;2016-11-10 04:37:55.125;2016-11-10 04:37:59.493;4;M;3;1;;;
36371;ts5o;2016-11-10 04:38:03.234;2016-11-10 04:38:08.264;5;M;3;1;;;
36370;ts1o;2016-11-10 04:38:12.671;2016-11-10 04:38:19.049;1;M;6;1;;;
36371;ts6o;2016-11-10 04:38:15.046;2016-11-10 04:38:21.306;6;M;3;1;;;
36369;ts1o;2016-11-10 04:38:23.015;2016-11-10 04:38:29.427;1;M;5;1;;;
36370;ts2o;2016-11-10 04:42:59.468;2016-11-10 04:43:07.797;2;M;6;1;;;
36370;ts3o;2016-11-10 04:43:18.375;2016-11-10 04:43:40.540;3;M;6;1;;;
36369;ts2o;2016-11-10 04:43:23.093;2016-11-10 04:43:25.399;2;M;5;1;;;
36370;ts4o;2016-11-10 04:43:28.578;2016-11-10 04:43:43.572;4;M;6;1;;;
36369;ts3o;2016-11-10 04:43:29.046;2016-11-10 04:43:34.629;3;M;5;1;;;
36370;ts5o;2016-11-10 04:43:53.375;2016-11-10 04:43:58.371;5;M;6;1;;;
36369;ts4o;2016-11-10 04:43:53.546;2016-11-10 04:43:58.994;4;M;5;1;;;
36371;ts7o;2016-11-10 04:44:11.656;2016-11-10 04:44:16.661;7;S;2;1;;;
36369;ts5o;2016-11-10 04:44:13.531;2016-11-10 04:44:18.553;5;M;5;1;;;
36370;ts6o;2016-11-10 04:44:13.906;2016-11-10 04:44:19.217;6;M;6;1;;;
36369;ts6o;2016-11-10 04:47:57.468;2016-11-10 04:47:57.468;6;M;5;0;;;
36370;ts7o;2016-11-10 04:47:57.468;2016-11-10 04:47:57.468;7;M;6;0;;;
36371;ts8o;2016-11-10 04:47:57.468;2016-11-10 04:47:57.468;8;M;7;0;;0;0
36369;terr;2016-11-10 04:47:57.468;2016-11-10 04:47:57.468;6;M;5;;399;;
36370;terr;2016-11-10 04:47:57.468;2016-11-10 04:47:57.468;7;M;6;;499;;
36371;terr;2016-11-10 04:47:57.468;2016-11-10 04:47:57.468;8;M;7;;599;;
36369;ts7o;2016-11-10 04:48:01.484;2016-11-10 04:48:01.484;7;M;5;0;;;
36370;ts8o;2016-11-10 04:48:01.484;2016-11-10 04:48:01.484;8;M;6;0;;0;0
36369;ts8o;2016-11-10 04:48:23.828;2016-11-10 04:48:23.828;8;M;5;0;;0;0
42013;ts1o;2016-11-11 06:56:53.125;2016-11-11 06:56:59.525;1;M;2;1;;;
42013;ts2o;2016-11-11 06:57:00.687;2016-11-11 06:57:07.127;2;M;2;1;;;
42015;ts1o;2016-11-11 06:57:31.812;2016-11-11 06:57:38.278;1;M;8;1;;;
42013;ts3o;2016-11-11 06:57:35.156;2016-11-11 06:57:52.933;3;M;2;1;;;
42013;ts4o;2016-11-11 06:57:36.156;2016-11-11 06:57:40.428;4;M;2;0;;;
42013;terr;2016-11-11 06:57:36.583;2016-11-11 06:57:36.583;4;M;2;;407;;
42013;ts5o;2016-11-11 09:07:16.015;2016-11-11 09:07:21.049;5;M;2;0;;;
42015;ts4o;2016-11-11 09:07:54.968;2016-11-11 09:09:51.429;4;M;8;0;;;
42013;ts6o;2016-11-11 09:07:54.968;2016-11-11 09:07:54.968;6;M;2;0;;;
42015;terr;2016-11-11 09:08:06.614;2016-11-11 09:08:06.614;4;M;8;;407;;
42015;ts5o;2016-11-11 09:08:09.765;2016-11-11 09:08:14.778;5;M;8;0;;;
42013;ts7o;2016-11-11 09:08:09.765;2016-11-11 09:08:11.726;7;M;2;0;;;
42015;ts6o;2016-11-11 09:08:24.171;2016-11-11 09:08:24.171;6;M;8;0;;;
42013;ts8o;2016-11-11 09:08:24.171;2016-11-11 09:08:30.879;8;M;2;0;;0;0
42015;ts7o;2016-11-11 09:08:38.718;2016-11-11 09:08:40.641;7;M;8;0;;;
42015;ts8o;2016-11-11 09:08:53.234;2016-11-11 09:08:59.674;8;M;8;0;;0;0
42015;ts2o;2016-11-11 09:09:47.281;2016-11-11 09:09:53.788;2;M;8;1;;;
42015;ts3o;2016-11-11 09:10:32.562;2016-11-11 09:10:44.627;3;M;8;1;;;
44891;ts1o;2016-11-16 10:23:11.640;2016-11-16 10:23:17.788;1;M;7;1;;;
44893;ts1o;2016-11-16 10:23:25.875;2016-11-16 10:23:32.253;1;M;6;1;;;
44891;ts2o;2016-11-16 10:23:26.171;2016-11-16 10:23:34.756;2;M;7;1;;;
44894;ts1o;2016-11-16 10:31:43.328;2016-11-16 10:31:49.466;1;M;5;1;;;
44893;ts2o;2016-11-16 10:31:44.062;2016-11-16 10:31:52.799;2;M;6;1;;;
44891;ts3o;2016-11-16 10:31:52.468;2016-11-16 10:32:09.441;3;M;7;1;;;
44894;ts2o;2016-11-16 10:31:57.515;2016-11-16 10:32:06.340;2;M;5;1;;;
44891;ts4o;2016-11-16 10:33:29.343;2016-11-16 10:38:21.283;4;M;7;1;;;
44893;ts3o;2016-11-16 10:33:35.140;2016-11-16 10:35:17.134;3;M;6;1;;;
44893;ts4o;2016-11-16 10:33:41.625;2016-11-16 10:33:46.551;4;M;6;1;;;
44891;ts5o;2016-11-16 10:33:43.703;2016-11-16 10:33:51.457;5;M;7;1;;;
44894;ts3o;2016-11-16 10:33:49.484;2016-11-16 10:34:03.138;3;M;5;1;;;
44891;ts6o;2016-11-16 10:33:54.765;2016-11-16 10:33:59.153;6;M;7;1;;;
44893;ts5o;2016-11-16 10:33:58.140;2016-11-16 10:34:05.978;5;M;6;1;;;
44894;ts4o;2016-11-16 10:35:39.593;2016-11-16 10:35:49.007;4;M;5;1;;;
44893;ts6o;2016-11-16 10:35:59.312;2016-11-16 10:36:03.569;6;M;6;1;;;
44894;ts5o;2016-11-16 10:36:02.687;2016-11-16 10:36:10.402;5;M;5;1;;;
44894;ts6o;2016-11-16 10:36:14.343;2016-11-16 10:36:18.564;6;M;5;1;;;
44891;ts7o;2016-11-16 10:36:27.468;2016-11-16 10:36:35.694;7;S;1;1;;;
44900;ts1o;2016-11-16 10:36:28.359;2016-11-16 10:36:34.513;1;M;7;1;;;
44893;ts7o;2016-11-16 10:36:41.828;2016-11-16 10:36:49.330;7;S;1;1;;;
44900;ts2o;2016-11-16 10:36:42.875;2016-11-16 10:36:51.537;2;M;7;1;;;
44891;ts8o;2016-11-16 10:36:53.109;2016-11-16 10:37:00.392;8;M;5;1;;0;0
44894;ts7o;2016-11-16 10:36:58.453;2016-11-16 10:37:07.148;7;S;1;1;;;
44893;ts8o;2016-11-16 10:37:03.593;2016-11-16 10:37:07.911;8;M;4;1;;0;0
44900;ts3o;2016-11-16 10:37:07.734;2016-11-16 10:37:21.640;3;M;7;1;;;
44900;ts4o;2016-11-16 10:37:15.109;2016-11-16 10:37:21.155;4;M;7;1;;;
44894;ts8o;2016-11-16 10:37:17.421;2016-11-16 10:37:21.645;8;M;3;1;;0;0
44900;ts5o;2016-11-16 10:43:21.203;2016-11-16 10:43:28.926;5;M;7;1;;;
44900;ts6o;2016-11-16 10:43:32.578;2016-11-16 10:43:37.095;6;M;7;1;;;
44900;ts7o;2016-11-16 10:44:56.750;2016-11-16 10:45:01.088;7;S;1;1;;;
44900;ts8o;2016-11-16 10:45:15.109;2016-11-16 10:45:19.553;8;M;5;1;;0;0
44913;ts1o;2016-11-16 10:46:35.687;2016-11-16 10:46:42.032;1;M;8;1;;;
44913;ts2o;2016-11-16 10:46:51.859;2016-11-16 10:47:00.458;2;M;8;1;;;
44917;ts1o;2016-11-16 10:47:09.156;2016-11-16 10:47:15.389;1;M;6;1;;;
44913;ts3o;2016-11-16 10:47:18.718;2016-11-16 10:47:32.297;3;M;8;1;;;
44917;ts2o;2016-11-16 10:47:23.734;2016-11-16 10:47:32.024;2;M;6;1;;;
44913;ts4o;2016-11-16 10:47:26.203;2016-11-16 10:48:21.456;4;M;8;1;;;
44913;ts5o;2016-11-16 10:47:40.843;2016-11-16 10:47:48.578;5;M;8;1;;;
44917;ts3o;2016-11-16 10:47:49.218;2016-11-16 10:48:06.153;3;M;6;1;;;
44913;ts6o;2016-11-16 10:47:54.484;2016-11-16 10:47:58.839;6;M;8;1;;;
44917;ts4o;2016-11-16 10:47:56.890;2016-11-16 10:48:02.985;4;M;6;1;;;
44913;ts7o;2016-11-16 10:48:05.359;2016-11-16 10:48:05.359;7;S;1;0;;;
44913;terr;2016-11-16 10:48:05.359;2016-11-16 10:48:05.359;7;M;1;;799;;
44917;ts5o;2016-11-16 10:48:13.015;2016-11-16 10:48:20.752;5;M;6;1;;;
44917;ts6o;2016-11-16 10:48:27.546;2016-11-16 10:48:32.610;6;M;6;1;;;
44917;ts7o;2016-11-16 11:03:38.703;2016-11-16 11:03:44.047;7;S;2;1;;;
44917;ts8o;2016-11-16 11:04:07.875;2016-11-16 11:04:12.258;8;M;4;1;;0;0
44974;ts1o;2016-11-16 11:34:40.468;2016-11-16 11:34:46.750;1;M;5;1;;;
44974;ts2o;2016-11-16 11:34:49.562;2016-11-16 11:34:58.260;2;M;5;1;;;
44974;ts3o;2016-11-16 11:35:58.187;2016-11-16 11:36:38.708;3;M;5;1;;;
44974;ts4o;2016-11-16 11:36:05.437;2016-11-16 11:37:32.077;4;M;5;1;;;
44974;ts5o;2016-11-16 11:36:14.843;2016-11-16 11:36:22.575;5;M;5;1;;;
44974;ts6o;2016-11-16 11:36:24.296;2016-11-16 11:36:28.523;6;M;5;1;;;
44974;ts7o;2016-11-16 11:36:34.281;2016-11-16 11:37:18.827;7;S;1;0;;;
44974;terr;2016-11-16 11:36:38.736;2016-11-16 11:36:38.736;7;M;3;;799;;
44974;ts8o;2016-11-16 11:37:53.906;2016-11-16 11:37:55.947;8;M;3;0;;0;0
44985;ts1o;2016-11-16 11:38:20.890;2016-11-16 11:38:27.213;1;M;2;1;;;
44985;ts2o;2016-11-16 11:38:39.109;2016-11-16 11:38:47.812;2;M;2;1;;;
44985;ts3o;2016-11-16 11:38:58.203;2016-11-16 11:39:14.324;3;M;2;1;;;
44985;ts4o;2016-11-16 11:39:05.031;2016-11-16 11:39:25.427;4;M;2;1;;;
44985;ts5o;2016-11-16 11:41:11.406;2016-11-16 11:41:19.137;5;M;2;1;;;
44985;ts6o;2016-11-16 11:41:43.390;2016-11-16 11:41:47.495;6;M;2;1;;;
44985;ts7o;2016-11-16 11:41:47.875;2016-11-16 11:41:52.195;7;S;3;0;;;
44985;terr;2016-11-16 11:41:48.307;2016-11-16 11:41:48.307;7;M;8;;799;;
44985;ts8o;2016-11-16 11:44:06.593;2016-11-16 11:44:08.617;8;M;8;0;;0;0
45007;ts1o;2016-11-16 12:03:36.000;2016-11-16 12:03:42.339;1;M;4;1;;;
45007;ts2o;2016-11-16 12:03:50.718;2016-11-16 12:03:59.600;2;M;4;1;;;
45006;ts1o;2016-11-16 12:03:58.703;2016-11-16 12:04:05.147;1;M;2;1;;;
45007;ts3o;2016-11-16 12:04:08.156;2016-11-16 12:04:21.845;3;M;4;1;;;
45006;ts2o;2016-11-16 12:04:13.234;2016-11-16 12:04:21.947;2;M;2;1;;;
45007;ts4o;2016-11-16 12:04:14.828;2016-11-16 12:04:19.746;4;M;4;1;;;
45007;ts5o;2016-11-16 12:04:31.046;2016-11-16 12:04:38.755;5;M;4;1;;;
45006;ts3o;2016-11-16 12:04:38.468;2016-11-16 12:04:54.433;3;M;2;1;;;
45007;ts6o;2016-11-16 12:04:44.375;2016-11-16 12:04:49.380;6;M;4;1;;;
45006;ts4o;2016-11-16 12:04:46.828;2016-11-16 12:05:08.809;4;M;2;1;;;
45007;ts7o;2016-11-16 12:04:47.500;2016-11-16 12:04:47.500;7;S;2;0;;;
45007;terr;2016-11-16 12:04:47.500;2016-11-16 12:04:47.500;7;M;2;;799;;
45006;ts5o;2016-11-16 12:04:55.140;2016-11-16 12:05:02.871;5;M;2;1;;;
45006;ts6o;2016-11-16 12:11:34.234;2016-11-16 12:11:39.763;6;M;2;1;;;
45006;ts7o;2016-11-16 12:13:29.984;2016-11-16 12:13:29.984;7;M;2;0;;;
45006;terr;2016-11-16 12:13:29.984;2016-11-16 12:13:29.984;7;M;2;;799;;
45021;ts1o;2016-11-16 12:31:11.281;2016-11-16 12:31:17.501;1;M;5;1;;;
45021;ts2o;2016-11-16 12:31:26.250;2016-11-16 12:31:34.888;2;M;5;1;;;
45023;ts1o;2016-11-16 12:31:40.171;2016-11-16 12:31:46.473;1;M;3;1;;;
45021;ts3o;2016-11-16 12:31:49.703;2016-11-16 12:32:03.238;3;M;5;1;;;
45023;ts2o;2016-11-16 12:31:54.781;2016-11-16 12:32:03.325;2;M;3;1;;;
45021;ts4o;2016-11-16 12:31:56.203;2016-11-16 12:32:17.009;4;M;5;1;;;
45021;ts5o;2016-11-16 12:32:52.875;2016-11-16 12:33:00.588;5;M;5;1;;;
45023;ts3o;2016-11-16 12:32:58.906;2016-11-16 12:33:51.225;3;M;3;1;;;
45021;ts6o;2016-11-16 12:33:04.187;2016-11-16 12:33:08.575;6;M;5;1;;;
45023;ts4o;2016-11-16 12:33:07.750;2016-11-16 12:33:13.245;4;M;3;1;;;
45021;ts7o;2016-11-16 12:33:12.500;2016-11-16 12:33:58.165;7;S;1;0;;;
45021;terr;2016-11-16 12:33:17.067;2016-11-16 12:33:17.067;7;M;4;;799;;
45023;ts5o;2016-11-16 12:33:20.140;2016-11-16 12:33:27.857;5;M;3;1;;;
45023;ts6o;2016-11-16 12:33:45.546;2016-11-16 12:33:50.167;6;M;3;1;;;
45023;ts7o;2016-11-16 12:34:36.937;2016-11-16 12:34:44.138;7;S;4;0;;;
45021;ts8o;2016-11-16 12:34:36.937;2016-11-16 12:34:38.983;8;M;4;0;;0;0
45023;terr;2016-11-16 12:34:37.657;2016-11-16 12:34:37.657;7;M;1;;799;;
45023;ts8o;2016-11-16 12:35:24.484;2016-11-16 12:35:26.492;8;M;1;0;;0;0
45043;ts1o;2016-11-16 12:38:34.265;2016-11-16 12:38:40.722;1;M;5;1;;;
45043;ts2o;2016-11-16 12:38:38.687;2016-11-16 12:38:47.745;2;M;5;0;;;
45043;terr;2016-11-16 12:38:39.593;2016-11-16 12:38:39.593;2;M;5;;208;;
45043;ts3o;2016-11-16 12:39:42.140;2016-11-16 12:40:01.617;3;M;5;0;;;
45043;ts4o;2016-11-16 12:39:50.609;2016-11-16 12:39:55.095;4;M;5;0;;;
45043;ts5o;2016-11-16 12:40:09.390;2016-11-16 12:40:17.120;5;M;5;0;;;
45043;ts6o;2016-11-16 12:40:23.953;2016-11-16 12:40:23.953;6;M;5;0;;;
45043;ts7o;2016-11-16 12:40:33.203;2016-11-16 12:40:37.274;7;M;5;0;;;
45043;ts8o;2016-11-16 12:40:41.578;2016-11-16 12:40:48.199;8;M;5;0;;0;0
45068;ts1o;2016-11-16 12:43:43.468;2016-11-16 12:43:49.955;1;M;8;1;;;
45068;ts2o;2016-11-16 12:43:52.718;2016-11-16 12:44:01.744;2;M;8;1;;;
45068;ts3o;2016-11-16 12:44:05.453;2016-11-16 12:44:14.738;3;M;8;1;;;
45068;ts4o;2016-11-16 12:44:12.046;2016-11-16 12:44:16.710;4;M;8;1;;;
45068;ts5o;2016-11-16 12:44:26.421;2016-11-16 12:44:34.184;5;M;8;1;;;
45068;ts6o;2016-11-16 12:44:33.265;2016-11-16 12:44:38.414;6;M;8;1;;;
45068;ts7o;2016-11-16 12:44:36.734;2016-11-16 12:45:05.820;7;S;1;0;;;
45068;terr;2016-11-16 12:44:39.643;2016-11-16 12:44:39.643;7;M;4;;799;;
45068;ts8o;2016-11-16 12:46:32.718;2016-11-16 12:46:35.639;8;M;4;0;;0;0
45180;ts1o;2016-11-16 14:36:51.562;2016-11-16 14:36:57.695;1;M;4;1;;;
45180;ts2o;2016-11-16 14:37:03.859;2016-11-16 14:37:11.425;2;M;4;0;;;
45180;terr;2016-11-16 14:37:04.616;2016-11-16 14:37:04.616;2;M;4;;208;;
45180;ts3o;2016-11-16 14:37:11.671;2016-11-16 14:37:18.777;3;M;4;0;;;
45180;ts4o;2016-11-16 14:37:20.015;2016-11-16 14:37:29.231;4;M;4;0;;;
45180;ts5o;2016-11-16 14:37:34.375;2016-11-16 14:37:42.130;5;M;4;0;;;
45180;ts6o;2016-11-16 14:37:42.171;2016-11-16 14:37:42.171;6;M;4;0;;;
45180;ts7o;2016-11-16 14:37:58.218;2016-11-16 14:38:03.193;7;M;4;0;;;
45180;ts8o;2016-11-16 14:38:06.671;2016-11-16 14:38:13.183;8;M;4;0;;0;0
45462;ts1o;2016-11-16 16:06:32.843;2016-11-16 16:06:39.319;1;M;1;1;;;
45462;ts2o;2016-11-16 16:06:37.468;2016-11-16 16:06:45.027;2;M;1;0;;;
45462;terr;2016-11-16 16:06:38.224;2016-11-16 16:06:38.224;2;M;1;;207;;
45462;ts3o;2016-11-16 16:06:45.890;2016-11-16 16:06:55.221;3;M;1;0;;;
45462;ts4o;2016-11-16 16:06:54.265;2016-11-16 16:06:59.177;4;M;1;0;;;
45462;ts5o;2016-11-16 16:07:02.703;2016-11-16 16:07:10.427;5;M;1;0;;;
45462;ts6o;2016-11-16 16:07:11.156;2016-11-16 16:07:11.156;6;M;1;0;;;
45462;ts7o;2016-11-16 16:07:56.265;2016-11-16 16:07:58.414;7;M;1;0;;;
45462;ts8o;2016-11-16 16:08:05.093;2016-11-16 16:08:11.691;8;M;1;0;;0;0
45734;ts1o;2016-11-16 16:59:36.921;2016-11-16 16:59:43.120;1;M;8;1;;;
45734;ts2o;2016-11-16 16:59:41.562;2016-11-16 16:59:49.709;2;M;8;0;;;
45734;terr;2016-11-16 16:59:42.377;2016-11-16 16:59:42.377;2;M;8;;207;;
45734;ts3o;2016-11-16 16:59:50.000;2016-11-16 16:59:57.145;3;M;8;0;;;
45734;ts4o;2016-11-16 16:59:58.406;2016-11-16 17:00:03.789;4;M;8;0;;;
45734;ts5o;2016-11-16 17:00:06.875;2016-11-16 17:00:14.643;5;M;8;0;;;
45734;ts6o;2016-11-16 17:00:14.609;2016-11-16 17:00:14.609;6;M;8;0;;;
45734;ts7o;2016-11-16 17:00:50.406;2016-11-16 17:00:51.582;7;M;8;0;;;
45734;ts8o;2016-11-16 17:01:01.359;2016-11-16 17:01:07.919;8;M;8;0;;0;0
46134;ts1o;2016-11-16 18:35:41.015;2016-11-16 18:35:47.252;1;M;8;1;;;
46134;ts2o;2016-11-16 18:35:45.625;2016-11-16 18:35:53.806;2;M;8;0;;;
46134;terr;2016-11-16 18:35:46.443;2016-11-16 18:35:46.443;2;M;8;;207;;
46134;ts3o;2016-11-16 18:36:01.375;2016-11-16 18:36:17.421;3;M;8;0;;;
46134;ts4o;2016-11-16 18:36:09.843;2016-11-16 18:36:15.271;4;M;8;0;;;
46134;ts5o;2016-11-16 18:36:22.390;2016-11-16 18:36:30.146;5;M;8;0;;;
46134;ts6o;2016-11-16 18:36:30.125;2016-11-16 18:36:30.125;6;M;8;0;;;
46134;ts7o;2016-11-16 18:36:44.484;2016-11-16 18:36:46.414;7;M;8;0;;;
46134;ts8o;2016-11-16 18:36:54.328;2016-11-16 18:37:00.861;8;M;8;0;;0;0
47494;ts1o;2016-11-17 17:41:53.734;2016-11-17 17:41:59.915;1;M;2;1;;;
47494;ts2o;2016-11-17 17:42:26.671;2016-11-17 17:42:35.105;2;M;2;1;;;
47494;ts3o;2016-11-17 17:42:43.218;2016-11-17 17:42:50.062;3;M;2;1;;;
47494;ts4o;2016-11-17 17:42:44.968;2016-11-17 17:42:44.968;4;M;2;0;;;
47494;terr;2016-11-17 17:42:44.968;2016-11-17 17:42:44.968;4;M;2;;499;;
47747;ts1o;2016-11-18 10:26:11.796;2016-11-18 10:26:17.880;1;M;5;1;;;
47747;ts2o;2016-11-18 10:27:51.359;2016-11-18 10:27:59.276;2;M;5;1;;;
47747;ts3o;2016-11-18 10:28:03.578;2016-11-18 10:28:10.588;3;M;5;1;;;
47747;ts4o;2016-11-18 10:28:05.140;2016-11-18 10:28:06.504;4;M;5;0;;;
47747;terr;2016-11-18 10:28:05.276;2016-11-18 10:28:05.276;4;M;5;;405;;
47747;ts5o;2016-11-18 10:28:13.546;2016-11-18 10:28:21.322;5;M;5;0;;;
47747;ts6o;2016-11-18 10:28:22.109;2016-11-18 10:28:22.109;6;M;5;0;;;
47747;ts8o;2016-11-18 10:29:28.796;2016-11-18 10:29:35.472;8;M;5;0;;0;0
47747;ts7o;2016-11-18 10:29:45.359;2016-11-18 10:29:45.359;7;M;5;0;;;
56746;ts1o;2016-11-19 16:33:19.890;2016-11-19 16:33:26.660;1;M;6;1;;;
56746;ts2o;2016-11-19 16:33:37.234;2016-11-19 16:33:53.983;2;M;6;1;;;
56746;ts3o;2016-11-19 16:33:44.859;2016-11-19 16:33:52.044;3;M;6;1;;;
56746;ts4o;2016-11-19 16:34:02.718;2016-11-19 16:34:23.309;4;M;6;1;;;
56746;ts5o;2016-11-19 16:34:11.078;2016-11-19 16:34:18.828;5;M;6;1;;;
56746;ts6o;2016-11-19 16:34:11.828;2016-11-19 16:34:16.927;6;M;6;0;;;
56746;terr;2016-11-19 16:34:12.338;2016-11-19 16:34:12.338;6;M;6;;601;;
56746;ts7o;2016-11-19 16:34:25.031;2016-11-19 16:34:28.575;7;M;6;0;;;
56746;ts8o;2016-11-19 16:34:39.046;2016-11-19 16:34:41.062;8;M;6;0;;2;2
57970;ts1o;2016-11-21 06:50:43.687;2016-11-21 06:50:50.126;1;M;2;1;;;
57970;ts2o;2016-11-21 06:50:55.078;2016-11-21 06:51:03.151;2;M;2;1;;;
57970;ts3o;2016-11-21 06:51:05.828;2016-11-21 06:51:12.775;3;M;2;1;;;
57970;ts4o;2016-11-21 06:51:14.046;2016-11-21 06:51:24.791;4;M;2;1;;;
57970;ts5o;2016-11-21 06:51:23.375;2016-11-21 06:51:31.135;5;M;2;1;;;
57970;ts6o;2016-11-21 06:51:25.187;2016-11-21 06:53:08.034;6;M;2;0;;;
57970;terr;2016-11-21 06:51:35.472;2016-11-21 06:51:35.472;6;M;2;;601;;
57970;ts7o;2016-11-21 06:53:08.734;2016-11-21 06:53:09.940;7;M;2;0;;;
57970;ts8o;2016-11-21 06:53:29.062;2016-11-21 06:53:31.103;8;M;2;0;;5;12
61281;ts1o;2016-11-22 08:52:47.859;2016-11-22 08:52:54.334;1;M;3;1;;;
61281;ts2o;2016-11-22 08:55:15.515;2016-11-22 08:56:52.617;2;M;3;1;;;
61281;ts3o;2016-11-22 09:00:10.953;2016-11-22 09:00:59.462;3;M;3;1;;;
61281;ts4o;2016-11-22 09:00:17.031;2016-11-22 09:00:21.349;4;M;3;1;;;
61281;ts5o;2016-11-22 09:00:26.671;2016-11-22 09:00:31.744;5;M;3;1;;;
61281;ts6o;2016-11-22 09:00:37.484;2016-11-22 09:00:42.467;6;M;3;1;;;
61281;ts7o;2016-11-22 09:01:53.843;2016-11-22 09:01:58.845;7;S;2;1;;;
61281;ts8o;2016-11-22 09:02:30.859;2016-11-22 09:02:40.282;8;M;1;0;;0;0
61281;terr;2016-11-22 09:02:31.801;2016-11-22 09:02:31.801;8;M;1;;801;;
68401;ts1o;2016-11-23 16:51:55.000;2016-11-23 16:52:01.305;1;M;8;1;;;
68401;ts2o;2016-11-23 19:07:42.000;2016-11-23 19:07:42.000;2;M;8;0;;;
68401;terr;2016-11-23 19:07:42.000;2016-11-23 19:07:42.000;2;M;8;;299;;
68401;ts3o;2016-11-23 19:07:46.000;2016-11-23 19:07:46.000;3;M;8;0;;;
68401;ts4o;2016-11-23 19:08:45.000;2016-11-23 19:08:45.000;4;M;8;0;;;
68401;ts5o;2016-11-23 19:08:49.000;2016-11-23 19:08:49.000;5;M;8;0;;;
68401;ts6o;2016-11-23 19:09:27.000;2016-11-23 19:09:27.000;6;M;8;0;;;
68401;ts7o;2016-11-23 19:09:31.000;2016-11-23 19:09:31.000;7;M;8;0;;;
68401;ts8o;2016-11-23 19:10:14.000;2016-11-23 19:10:14.000;8;M;8;0;;0;0
68415;ts1o;2016-11-24 10:03:45.765;2016-11-24 10:03:51.912;1;M;4;1;;;
68415;ts2o;2016-11-24 10:03:55.687;2016-11-24 10:04:02.350;2;M;4;1;;;
68415;ts3o;2016-11-24 10:04:18.187;2016-11-24 10:04:35.189;3;M;4;1;;;
68415;ts4o;2016-11-24 10:04:24.093;2016-11-24 10:04:29.811;4;M;4;1;;;
68415;ts5o;2016-11-24 10:04:34.890;2016-11-24 10:04:40.001;5;M;4;1;;;
68415;ts6o;2016-11-24 10:04:44.765;2016-11-24 10:04:49.757;6;M;4;1;;;
68415;ts7o;2016-11-24 10:06:13.421;2016-11-24 10:06:18.479;7;S;1;1;;;
68415;ts8o;2016-11-24 10:07:27.125;2016-11-24 10:08:08.993;8;M;1;0;;0;0
68415;terr;2016-11-24 10:07:31.312;2016-11-24 10:07:31.312;8;M;1;;803;;
71908;ts1o;2016-11-24 20:10:23.000;2016-11-24 20:10:29.467;1;M;5;1;;;
71908;ts2o;2016-11-24 20:10:50.000;2016-11-24 20:10:57.221;2;M;5;1;;;
71908;ts3o;2016-11-24 20:11:43.000;2016-11-24 20:12:28.378;3;M;5;1;;;
71908;ts4o;2016-11-24 20:11:49.000;2016-11-24 20:11:53.385;4;M;5;1;;;
71908;ts5o;2016-11-24 20:11:55.000;2016-11-24 20:12:00.078;5;M;5;1;;;
71914;ts1o;2016-11-24 20:12:01.000;2016-11-24 20:12:07.629;1;M;8;1;;;
71908;ts6o;2016-11-24 20:12:02.000;2016-11-24 20:12:06.815;6;M;5;1;;;
71913;ts1o;2016-11-24 20:12:08.000;2016-11-24 20:12:14.646;1;M;7;1;;;
71914;ts2o;2016-11-24 20:12:10.000;2016-11-24 20:12:17.248;2;M;8;1;;;
71914;ts3o;2016-11-24 20:12:16.000;2016-11-24 20:12:21.662;3;M;8;1;;;
71913;ts2o;2016-11-24 20:12:17.000;2016-11-24 20:12:24.712;2;M;7;1;;;
71914;ts4o;2016-11-24 20:12:23.000;2016-11-24 20:12:32.067;4;M;8;1;;;
71913;ts3o;2016-11-24 20:12:24.000;2016-11-24 20:12:30.106;3;M;7;1;;;
71910;ts1o;2016-11-24 20:12:29.000;2016-11-24 20:12:35.319;1;M;4;1;;;
71913;ts4o;2016-11-24 20:12:30.000;2016-11-24 20:12:34.380;4;M;7;1;;;
71914;ts5o;2016-11-24 20:12:30.000;2016-11-24 20:12:35.020;5;M;8;1;;;
71908;ts7o;2016-11-24 20:12:40.000;2016-11-24 20:12:47.963;7;S;3;1;;;
71909;ts1o;2016-11-24 20:12:41.000;2016-11-24 20:12:47.755;1;M;3;1;;;
71914;ts6o;2016-11-24 20:12:41.000;2016-11-24 20:12:45.590;6;M;8;1;;;
71913;ts5o;2016-11-24 20:12:42.000;2016-11-24 20:12:47.054;5;M;7;1;;;
71910;ts2o;2016-11-24 20:12:43.000;2016-11-24 20:12:49.928;2;M;4;1;;;
71909;ts2o;2016-11-24 20:55:21.000;2016-11-24 20:55:21.000;2;M;3;0;;;
71910;ts3o;2016-11-24 20:55:21.000;2016-11-24 20:55:21.000;3;M;4;0;;;
71913;ts6o;2016-11-24 20:55:21.000;2016-11-24 20:55:21.000;6;M;7;0;;;
71914;ts7o;2016-11-24 20:55:21.000;2016-11-24 20:55:21.000;7;M;8;0;;;
71908;ts8o;2016-11-24 20:55:21.000;2016-11-24 20:55:21.000;8;M;1;0;;0;0
71908;terr;2016-11-24 20:55:21.000;2016-11-24 20:55:21.000;8;M;1;;599;;
71909;terr;2016-11-24 20:55:21.000;2016-11-24 20:55:21.000;2;M;3;;799;;
71910;terr;2016-11-24 20:55:21.000;2016-11-24 20:55:21.000;3;M;4;;899;;
71913;terr;2016-11-24 20:55:21.000;2016-11-24 20:55:21.000;6;M;7;;399;;
71914;terr;2016-11-24 20:55:21.000;2016-11-24 20:55:21.000;7;M;8;;499;;
71909;ts3o;2016-11-24 20:55:24.000;2016-11-24 20:55:24.000;3;M;3;0;;;
71910;ts4o;2016-11-24 20:55:24.000;2016-11-24 20:55:24.000;4;M;4;0;;;
71913;ts7o;2016-11-24 20:55:24.000;2016-11-24 20:55:24.000;7;M;7;0;;;
71914;ts8o;2016-11-24 20:55:24.000;2016-11-24 20:55:24.000;8;M;8;0;;0;0
71909;ts4o;2016-11-24 20:55:59.000;2016-11-24 20:55:59.000;4;M;3;0;;;
71910;ts5o;2016-11-24 20:55:59.000;2016-11-24 20:55:59.000;5;M;4;0;;;
71913;ts8o;2016-11-24 20:55:59.000;2016-11-24 20:55:59.000;8;M;7;0;;0;0
71909;ts5o;2016-11-24 20:56:03.000;2016-11-24 20:56:03.000;5;M;3;0;;;
71910;ts6o;2016-11-24 20:56:03.000;2016-11-24 20:56:03.000;6;M;4;0;;;
71909;ts6o;2016-11-24 20:56:35.000;2016-11-24 20:56:35.000;6;M;3;0;;;
71910;ts7o;2016-11-24 20:56:35.000;2016-11-24 20:56:35.000;7;M;4;0;;;
71909;ts7o;2016-11-24 20:56:39.000;2016-11-24 20:56:39.000;7;M;3;0;;;
71910;ts8o;2016-11-24 20:56:39.000;2016-11-24 20:56:39.000;8;M;4;0;;0;0
94599;ts1o;2016-12-02 10:29:56.000;2016-12-02 10:30:02.574;1;M;5;1;;;
94599;ts2o;2016-12-02 10:30:47.312;2016-12-02 10:31:11.025;2;M;5;1;;;
94598;ts1o;2016-12-02 10:30:48.046;2016-12-02 10:30:54.291;1;M;4;1;;;
94597;ts1o;2016-12-02 10:30:58.453;2016-12-02 10:31:04.807;1;M;3;1;;;
94598;ts2o;2016-12-02 11:25:05.390;2016-12-02 11:25:19.784;2;M;4;1;;;
94599;ts3o;2016-12-02 11:31:35.312;2016-12-02 11:35:14.861;3;M;5;1;;;
94598;ts3o;2016-12-02 11:31:36.500;2016-12-02 11:31:36.500;3;M;4;0;;;
94599;ts4o;2016-12-02 11:31:36.500;2016-12-02 11:32:28.227;4;M;5;0;;;
94598;terr;2016-12-02 11:31:36.500;2016-12-02 11:31:36.500;3;M;4;;399;;
94599;terr;2016-12-02 11:31:36.500;2016-12-02 11:31:36.500;4;M;5;;402;;
94597;ts2o;2016-12-02 11:31:40.031;2016-12-02 11:32:26.268;2;M;3;1;;;
94597;terr;2016-12-02 11:31:40.031;2016-12-02 11:31:40.031;2;M;3;;299;;
94606;ts1o;2016-12-02 11:36:31.125;2016-12-02 11:36:37.620;1;M;6;1;;;
94606;ts2o;2016-12-02 11:36:45.765;2016-12-02 11:36:52.822;2;M;6;0;;;
94606;terr;2016-12-02 11:36:46.471;2016-12-02 11:36:46.471;2;M;6;;207;;
94608;ts1o;2016-12-02 11:36:49.781;2016-12-02 11:36:56.110;1;M;5;1;;;
94608;ts2o;2016-12-02 11:36:56.171;2016-12-02 11:37:03.228;2;M;5;0;;;
94606;ts3o;2016-12-02 11:36:56.171;2016-12-02 11:37:05.887;3;M;6;0;;;
94608;terr;2016-12-02 11:36:56.877;2016-12-02 11:36:56.877;2;M;5;;207;;
94608;ts3o;2016-12-02 11:37:03.468;2016-12-02 11:37:13.184;3;M;5;0;;;
94606;ts4o;2016-12-02 11:37:03.468;2016-12-02 11:37:04.968;4;M;6;0;;;
94608;ts4o;2016-12-02 11:37:09.562;2016-12-02 11:37:11.062;4;M;5;0;;;
94606;ts5o;2016-12-02 11:37:09.562;2016-12-02 11:37:09.562;5;M;6;0;;;
94608;ts5o;2016-12-02 11:37:20.187;2016-12-02 11:37:20.187;5;M;5;0;;;
94606;ts6o;2016-12-02 11:37:20.187;2016-12-02 11:37:20.187;6;M;6;0;;;
94608;ts6o;2016-12-02 11:37:56.859;2016-12-02 11:37:56.859;6;M;5;0;;;
94606;ts7o;2016-12-02 11:37:56.859;2016-12-02 11:37:56.877;7;M;6;0;;;
94608;ts7o;2016-12-02 11:38:07.250;2016-12-02 11:38:07.250;7;M;5;0;;;
94606;ts8o;2016-12-02 11:38:07.250;2016-12-02 11:38:07.250;8;M;6;0;;0;0
94608;ts8o;2016-12-02 11:39:08.859;2016-12-02 11:39:08.859;8;M;5;0;;0;0
94624;ts1o;2016-12-02 11:47:35.718;2016-12-02 11:47:42.116;1;M;5;1;;;
94624;ts2o;2016-12-02 11:47:42.546;2016-12-02 11:47:49.625;2;M;5;0;;;
94624;terr;2016-12-02 11:47:43.254;2016-12-02 11:47:43.254;2;M;5;;207;;
94624;ts3o;2016-12-02 11:47:53.484;2016-12-02 11:48:03.746;3;M;5;0;;;
94624;ts4o;2016-12-02 11:49:03.859;2016-12-02 11:49:53.076;4;M;5;0;;;
94624;ts5o;2016-12-02 11:49:17.328;2016-12-02 11:49:17.328;5;M;5;0;;;
94624;ts6o;2016-12-02 11:49:28.453;2016-12-02 11:49:28.453;6;M;5;0;;;
94624;ts7o;2016-12-02 11:49:46.703;2016-12-02 11:49:46.719;7;M;5;0;;;
94624;ts8o;2016-12-02 11:50:03.515;2016-12-02 11:50:03.515;8;M;5;0;;0;0
94632;ts1o;2016-12-02 11:50:25.562;2016-12-02 11:50:38.720;1;M;5;1;;;
94632;ts2o;2016-12-02 11:50:41.734;2016-12-02 11:50:51.201;2;M;5;0;;;
94632;terr;2016-12-02 11:50:42.681;2016-12-02 11:50:42.681;2;M;5;;207;;
94632;ts3o;2016-12-02 11:51:20.656;2016-12-02 11:51:58.873;3;M;5;0;;;
94632;ts4o;2016-12-02 11:51:26.671;2016-12-02 11:54:14.366;4;M;5;0;;;
94632;ts5o;2016-12-02 11:51:37.765;2016-12-02 11:51:37.765;5;M;5;0;;;
94632;ts6o;2016-12-02 11:51:48.718;2016-12-02 11:51:48.718;6;M;5;0;;;
94632;ts7o;2016-12-02 11:52:05.203;2016-12-02 11:52:05.216;7;M;5;0;;;
94632;ts8o;2016-12-02 11:55:25.953;2016-12-02 11:55:25.953;8;M;5;0;;0;0
94642;ts1o;2016-12-02 11:55:49.328;2016-12-02 11:56:02.808;1;M;5;1;;;
94642;ts2o;2016-12-02 11:56:01.781;2016-12-02 11:56:14.034;2;M;5;0;;;
94642;terr;2016-12-02 11:56:03.006;2016-12-02 11:56:03.006;2;M;5;;207;;
94642;ts3o;2016-12-02 11:56:18.015;2016-12-02 11:56:33.557;3;M;5;0;;;
94642;ts4o;2016-12-02 11:56:42.171;2016-12-02 11:58:55.076;4;M;5;0;;;
94642;ts5o;2016-12-02 11:57:29.140;2016-12-02 11:57:29.140;5;M;5;0;;;
94642;ts6o;2016-12-02 11:57:44.500;2016-12-02 11:57:44.500;6;M;5;0;;;
94642;ts7o;2016-12-02 12:21:54.328;2016-12-02 12:21:54.328;7;M;5;0;;;
94642;ts8o;2016-12-02 12:36:29.968;2016-12-02 12:36:29.968;8;M;5;0;;0;0
94673;ts1o;2016-12-02 13:50:35.671;2016-12-02 13:50:51.307;1;M;2;1;;;
94673;ts2o;2016-12-02 13:53:28.703;2016-12-02 13:53:36.062;2;M;2;1;;;
94675;ts1o;2016-12-02 13:53:29.203;2016-12-02 13:53:36.513;1;M;1;1;;;
94675;ts2o;2016-12-02 13:54:46.203;2016-12-02 13:54:53.677;2;M;1;1;;;
94674;ts1o;2016-12-02 13:54:46.750;2016-12-02 13:54:53.254;1;M;8;1;;;
94673;ts3o;2016-12-02 13:57:24.031;2016-12-02 13:58:12.494;3;M;2;1;;;
94675;ts3o;2016-12-02 13:57:25.265;2016-12-02 13:57:25.265;3;M;1;0;;;
94673;ts4o;2016-12-02 13:57:25.265;2016-12-02 13:57:25.265;4;M;2;0;;;
94673;terr;2016-12-02 13:57:25.265;2016-12-02 13:57:25.265;4;M;2;;499;;
94675;terr;2016-12-02 13:57:25.265;2016-12-02 13:57:25.265;3;M;1;;499;;
94674;ts2o;2016-12-02 13:57:28.796;2016-12-02 13:57:36.055;2;M;8;1;;;
94674;ts3o;2016-12-02 14:06:35.296;2016-12-02 14:06:35.296;3;M;8;0;;;
94675;ts4o;2016-12-02 14:06:35.296;2016-12-02 14:07:32.668;4;M;1;0;;;
94673;ts5o;2016-12-02 14:06:35.296;2016-12-02 14:06:35.296;5;M;2;0;;;
94674;terr;2016-12-02 14:06:35.296;2016-12-02 14:06:35.296;3;M;8;;399;;
94677;ts1o;2016-12-02 14:21:24.968;2016-12-02 14:21:31.322;1;M;6;1;;;
94677;ts2o;2016-12-02 14:22:40.437;2016-12-02 14:22:47.811;2;M;6;1;;;
94677;ts3o;2016-12-02 14:39:18.562;2016-12-02 14:39:18.562;3;M;6;0;;;
94677;terr;2016-12-02 14:39:18.562;2016-12-02 14:39:18.562;3;M;6;;299;;
94677;ts4o;2016-12-02 14:39:22.625;2016-12-02 14:39:22.625;4;M;6;0;;;
94677;ts5o;2016-12-02 14:39:26.609;2016-12-02 14:39:26.609;5;M;6;0;;;
94677;ts6o;2016-12-02 14:39:30.562;2016-12-02 14:39:30.562;6;M;6;0;;;
94677;ts7o;2016-12-02 14:39:34.500;2016-12-02 14:39:34.500;7;M;6;0;;;
94677;ts8o;2016-12-02 14:39:38.421;2016-12-02 14:39:40.760;8;M;6;0;;0;0
94735;ts1o;2016-12-02 17:58:54.078;2016-12-02 17:59:00.259;1;M;8;1;;;
94735;ts2o;2016-12-02 17:59:09.734;2016-12-02 17:59:24.523;2;M;8;1;;;
94735;ts3o;2016-12-02 17:59:33.125;2016-12-02 17:59:39.392;3;M;8;1;;;
94735;ts4o;2016-12-02 17:59:46.843;2016-12-02 18:00:00.089;4;M;8;1;;;
94735;ts5o;2016-12-02 17:59:53.656;2016-12-02 17:59:59.902;5;M;8;1;;;
94735;ts6o;2016-12-02 18:00:24.890;2016-12-02 18:00:24.890;6;M;8;0;;;
94735;terr;2016-12-02 18:00:24.890;2016-12-02 18:00:24.890;6;M;8;;699;;
94977;ts1o;2016-12-05 08:26:06.718;2016-12-05 08:26:13.313;1;M;4;1;;;
94977;ts2o;2016-12-05 08:26:19.125;2016-12-05 08:26:32.638;2;M;4;1;;;
94977;ts3o;2016-12-05 08:26:31.671;2016-12-05 08:26:38.100;3;M;4;1;;;
94977;ts4o;2016-12-05 08:30:54.015;2016-12-05 08:31:07.853;4;M;4;1;;;
94977;ts5o;2016-12-05 08:31:00.843;2016-12-05 08:31:07.075;5;M;4;1;;;
94977;ts6o;2016-12-05 08:31:12.453;2016-12-05 08:31:17.672;6;M;4;1;;;
94977;ts7o;2016-12-05 08:32:53.656;2016-12-05 08:32:58.912;7;S;2;1;;;
94977;ts8o;2016-12-05 08:33:06.937;2016-12-05 08:34:24.904;8;M;2;0;;0;0
94977;terr;2016-12-05 08:33:14.734;2016-12-05 08:33:14.734;8;M;2;;899;;
100306;ts1o;2016-12-09 06:11:53.875;2016-12-09 06:11:58.785;1;M;4;1;;;
100306;ts2o;2016-12-09 06:13:09.921;2016-12-09 06:13:09.921;2;M;4;1;;;
100306;ts3o;2016-12-09 06:13:25.093;2016-12-09 06:16:56.789;3;M;4;1;;;
100306;ts4o;2016-12-09 06:20:00.546;2016-12-09 06:20:45.917;4;M;4;1;;;
100306;ts5o;2016-12-09 06:20:12.421;2016-12-09 06:20:17.431;5;M;4;1;;;
100306;ts6o;2016-12-09 06:20:19.812;2016-12-09 06:21:43.644;6;M;4;0;;;
100306;terr;2016-12-09 06:20:28.195;2016-12-09 06:20:28.195;6;M;4;;601;;
100306;ts7o;2016-12-09 06:21:59.343;2016-12-09 06:21:59.343;7;M;4;0;;;
100306;ts8o;2016-12-09 06:22:23.906;2016-12-09 06:22:25.945;8;M;4;0;;0;0
114362;ts1o;2016-12-13 06:07:06.640;2016-12-13 06:07:12.188;1;M;6;1;;;
114362;ts2o;2016-12-13 06:07:08.546;2016-12-13 06:07:08.546;2;M;6;0;;;
114362;terr;2016-12-13 06:07:08.546;2016-12-13 06:07:08.546;2;M;6;;299;;
114361;ts1o;2016-12-13 06:07:12.546;2016-12-13 06:07:18.456;1;M;5;1;;;
114361;terr;2016-12-13 06:07:12.546;2016-12-13 06:07:12.546;1;M;5;;199;;
128265;ts1o;2016-12-15 19:41:34.875;2016-12-15 19:41:41.225;1;M;5;1;;;
128265;terr;2016-12-15 19:41:34.875;2016-12-15 19:41:34.875;1;M;5;;199;;
146534;ts1o;2017-01-02 15:46:27.562;2017-01-02 15:46:33.653;1;M;6;1;;;
146535;ts1o;2017-01-02 15:46:34.640;2017-01-02 15:46:40.999;1;M;5;1;;;
146534;ts2o;2017-01-02 15:46:36.968;2017-01-02 15:46:43.948;2;M;6;1;;;
146538;ts1o;2017-01-02 15:46:43.968;2017-01-02 15:46:50.501;1;M;4;1;;;
146535;ts2o;2017-01-02 15:46:44.968;2017-01-02 15:46:52.091;2;M;5;1;;;
146534;ts3o;2017-01-02 15:46:48.359;2017-01-02 15:46:55.305;3;M;6;1;;;
146538;ts2o;2017-01-02 15:46:54.437;2017-01-02 15:47:01.560;2;M;4;1;;;
146535;ts3o;2017-01-02 15:46:55.296;2017-01-02 15:47:02.242;3;M;5;1;;;
146534;ts4o;2017-01-02 15:48:30.640;2017-01-02 15:48:39.670;4;M;6;1;;;
146534;ts5o;2017-01-02 15:48:36.265;2017-01-02 15:48:41.333;5;M;6;1;;;
146535;ts4o;2017-01-02 15:48:36.406;2017-01-02 15:48:37.989;4;M;5;1;;;
146538;ts4o;2017-01-02 16:09:11.000;2017-01-02 16:09:11.954;4;M;4;0;;;
146534;ts6o;2017-01-02 16:09:11.000;2017-01-02 16:09:16.670;6;M;6;0;;;
146538;terr;2017-01-02 16:09:11.095;2017-01-02 16:09:11.095;4;M;4;;402;;
146534;terr;2017-01-02 16:09:11.567;2017-01-02 16:09:11.567;6;M;6;;602;;
146538;ts5o;2017-01-02 16:09:15.437;2017-01-02 16:09:20.385;5;M;4;0;;;
146535;ts6o;2017-01-02 16:09:15.437;2017-01-02 16:09:20.039;6;M;5;0;;;
146534;ts7o;2017-01-02 16:09:15.437;2017-01-02 16:09:15.437;7;M;6;0;;;
146535;terr;2017-01-02 16:09:15.897;2017-01-02 16:09:15.897;6;M;5;;602;;
146538;ts6o;2017-01-02 16:10:21.203;2017-01-02 16:10:21.203;6;M;4;0;;;
146535;ts7o;2017-01-02 16:10:21.203;2017-01-02 16:10:21.203;7;M;5;0;;;
146534;ts8o;2017-01-02 16:10:21.203;2017-01-02 16:10:21.203;8;M;6;0;;0;0
146538;ts7o;2017-01-02 16:10:25.687;2017-01-02 16:10:25.687;7;M;4;0;;;
146535;ts8o;2017-01-02 16:10:25.687;2017-01-02 16:10:25.687;8;M;5;0;;0;0
146538;ts8o;2017-01-02 16:11:17.296;2017-01-02 16:11:17.296;8;M;4;0;;0;0
146538;ts3o;2017-01-02 16:18:27.625;2017-01-02 16:25:41.675;3;M;4;1;;;
146535;ts5o;2017-01-02 16:18:33.484;2017-01-02 16:18:38.432;5;M;5;1;;;
167068;ts1o;2017-01-05 13:35:59.390;2017-01-05 13:36:05.454;1;M;3;1;;;
167068;ts2o;2017-01-05 13:36:07.421;2017-01-05 13:36:14.812;2;M;3;1;;;
167068;ts3o;2017-01-05 13:36:14.203;2017-01-05 13:36:19.971;3;M;3;1;;;
167068;ts4o;2017-01-05 13:36:22.625;2017-01-05 13:36:26.736;4;M;3;1;;;
167068;ts5o;2017-01-05 13:36:28.203;2017-01-05 13:36:33.196;5;M;3;1;;;
167068;ts6o;2017-01-05 13:36:34.531;2017-01-05 13:36:39.510;6;M;3;1;;;
167068;ts7o;2017-01-05 13:37:18.531;2017-01-05 13:37:23.677;7;S;2;1;;;
167068;ts8o;2017-01-05 13:37:31.062;2017-01-05 13:37:35.230;8;M;6;0;;0;0
167068;terr;2017-01-05 13:37:31.479;2017-01-05 13:37:31.479;8;M;6;;801;;
183454;ts1o;2017-01-10 10:56:14.312;2017-01-10 10:56:20.693;1;M;8;1;;;
183454;ts2o;2017-01-10 10:56:22.328;2017-01-10 10:56:29.911;2;M;8;1;;;
183454;ts3o;2017-01-10 10:56:33.234;2017-01-10 10:56:39.484;3;M;8;1;;;
183454;ts4o;2017-01-10 10:57:48.500;2017-01-10 10:57:56.258;4;M;8;1;;;
183454;ts5o;2017-01-10 10:58:32.968;2017-01-10 10:58:39.150;5;M;8;1;;;
183454;ts6o;2017-01-10 10:58:45.390;2017-01-10 10:58:50.254;6;M;8;1;;;
183454;ts7o;2017-01-10 10:59:32.281;2017-01-10 10:59:37.456;7;S;4;1;;;
183454;ts8o;2017-01-10 10:59:36.140;2017-01-10 10:59:40.504;8;M;4;0;;0;0
183454;terr;2017-01-10 10:59:36.576;2017-01-10 10:59:36.576;8;M;4;;899;;
184190;ts1o;2017-01-10 16:04:32.828;2017-01-10 16:04:39.058;1;M;1;1;;;
184190;ts2o;2017-01-10 16:04:41.890;2017-01-10 16:04:49.777;2;M;1;1;;;
184190;ts3o;2017-01-10 16:04:48.687;2017-01-10 16:04:55.023;3;M;1;1;;;
184190;ts4o;2017-01-10 16:05:04.062;2017-01-10 16:05:15.678;4;M;1;1;;;
184190;ts5o;2017-01-10 16:05:14.078;2017-01-10 16:05:20.277;5;M;1;1;;;
184190;ts6o;2017-01-10 16:05:19.843;2017-01-10 16:05:24.631;6;M;1;1;;;
184197;ts1o;2017-01-10 16:05:45.359;2017-01-10 16:05:51.813;1;M;1;1;;;
184197;ts2o;2017-01-10 16:05:52.562;2017-01-10 16:05:59.415;2;M;1;1;;;
184190;ts7o;2017-01-10 16:05:58.218;2017-01-10 16:06:04.600;7;S;4;1;;;
184197;ts3o;2017-01-10 16:06:00.968;2017-01-10 16:06:07.289;3;M;1;1;;;
184190;ts8o;2017-01-10 16:06:02.156;2017-01-10 16:06:06.533;8;M;5;0;;0;0
184190;terr;2017-01-10 16:06:02.594;2017-01-10 16:06:02.594;8;M;5;;899;;
184197;ts4o;2017-01-10 16:06:07.093;2017-01-10 16:06:11.521;4;M;1;1;;;
184197;ts5o;2017-01-10 16:06:15.328;2017-01-10 16:06:21.571;5;M;1;1;;;
184197;ts6o;2017-01-10 16:06:21.937;2017-01-10 16:06:27.677;6;M;1;1;;;
184197;ts7o;2017-01-10 16:06:55.937;2017-01-10 16:07:02.532;7;S;1;1;;;
184197;ts8o;2017-01-10 16:06:59.875;2017-01-10 16:07:04.626;8;M;5;0;;0;0
184197;terr;2017-01-10 16:07:00.350;2017-01-10 16:07:00.350;8;M;5;;899;;
187477;ts1o;2017-01-11 12:25:34.421;2017-01-11 12:25:40.746;1;M;2;1;;;
187477;ts2o;2017-01-11 12:25:52.328;2017-01-11 12:25:59.838;2;M;2;1;;;
187477;ts3o;2017-01-11 12:26:00.906;2017-01-11 12:26:07.388;3;M;2;1;;;
187477;ts4o;2017-01-11 12:26:07.218;2017-01-11 12:26:11.722;4;M;2;1;;;
187477;ts5o;2017-01-11 12:26:15.281;2017-01-11 12:26:21.498;5;M;2;1;;;
187477;ts6o;2017-01-11 12:26:23.687;2017-01-11 12:26:28.989;6;M;2;1;;;
187477;ts7o;2017-01-11 12:27:04.203;2017-01-11 12:27:08.505;7;S;3;1;;;
187477;ts8o;2017-01-11 12:27:08.515;2017-01-11 12:27:14.022;8;M;6;0;;0;0
187477;terr;2017-01-11 12:27:09.066;2017-01-11 12:27:09.066;8;M;6;;899;;
188242;ts1o;2017-01-11 17:20:03.000;2017-01-11 17:20:09.186;1;M;6;1;;;
188241;ts1o;2017-01-11 17:20:13.000;2017-01-11 17:20:19.330;1;M;5;1;;;
188242;ts2o;2017-01-11 17:20:13.000;2017-01-11 17:20:20.261;2;M;6;1;;;
188240;ts1o;2017-01-11 17:20:28.000;2017-01-11 17:20:34.293;1;M;4;1;;;
188241;ts2o;2017-01-11 17:20:28.000;2017-01-11 17:20:34.845;2;M;5;1;;;
188242;ts3o;2017-01-11 17:20:29.000;2017-01-11 17:20:35.253;3;M;6;1;;;
188240;ts2o;2017-01-11 17:20:35.000;2017-01-11 17:20:41.957;2;M;4;1;;;
188241;ts3o;2017-01-11 17:20:36.000;2017-01-11 17:20:42.182;3;M;5;1;;;
188242;ts4o;2017-01-11 17:20:36.000;2017-01-11 17:20:40.452;4;M;6;1;;;
188240;ts3o;2017-01-11 17:20:43.000;2017-01-11 17:20:49.224;3;M;4;1;;;
188242;ts5o;2017-01-11 17:20:44.000;2017-01-11 17:20:50.216;5;M;6;1;;;
188241;ts4o;2017-01-11 17:20:47.000;2017-01-11 17:20:59.317;4;M;5;1;;;
188240;ts4o;2017-01-11 20:13:12.000;2017-01-11 20:13:12.000;4;M;4;0;;;
188241;ts5o;2017-01-11 20:13:12.000;2017-01-11 20:13:12.000;5;M;5;0;;;
188242;ts6o;2017-01-11 20:13:12.000;2017-01-11 20:13:12.000;6;M;6;0;;;
188240;terr;2017-01-11 20:13:12.000;2017-01-11 20:13:12.000;4;M;4;;399;;
188241;terr;2017-01-11 20:13:12.000;2017-01-11 20:13:12.000;5;M;5;;499;;
188242;terr;2017-01-11 20:13:12.000;2017-01-11 20:13:12.000;6;M;6;;599;;
188240;ts5o;2017-01-11 20:23:15.000;2017-01-11 20:23:15.000;5;M;4;0;;;
188241;ts6o;2017-01-11 20:23:15.000;2017-01-11 20:23:15.000;6;M;5;0;;;
188242;ts7o;2017-01-11 20:23:15.000;2017-01-11 20:23:15.000;7;M;6;0;;;
188240;ts6o;2017-01-11 20:33:46.000;2017-01-11 20:33:46.000;6;M;4;0;;;
188241;ts7o;2017-01-11 20:33:46.000;2017-01-11 20:33:46.000;7;M;5;0;;;
188242;ts8o;2017-01-11 20:33:46.000;2017-01-11 20:33:46.000;8;M;6;0;;0;0
188240;ts7o;2017-01-11 20:35:24.000;2017-01-11 20:35:24.000;7;M;4;0;;;
188241;ts8o;2017-01-11 20:35:24.000;2017-01-11 20:35:24.000;8;M;5;0;;0;0
188240;ts8o;2017-01-11 20:45:40.000;2017-01-11 20:45:40.000;8;M;4;0;;0;0
196511;ts1o;2017-01-13 18:38:07.250;2017-01-13 18:38:13.321;1;M;1;1;;;
196519;ts1o;2017-01-13 18:38:15.609;2017-01-13 18:38:22.040;1;M;8;1;;;
196511;ts2o;2017-01-13 18:38:20.000;2017-01-13 18:38:29.367;2;M;1;1;;;
196519;ts2o;2017-01-13 18:38:31.093;2017-01-13 18:38:39.841;2;M;8;1;;;
196511;ts3o;2017-01-13 18:38:33.828;2017-01-13 18:38:49.570;3;M;1;1;;;
196511;ts4o;2017-01-13 18:38:35.109;2017-01-13 18:39:26.850;4;M;1;0;;;
196511;terr;2017-01-13 18:38:40.283;2017-01-13 18:38:40.283;4;M;1;;401;;
196519;ts3o;2017-01-13 18:38:41.703;2017-01-13 18:38:48.839;3;M;8;1;;;
196511;ts5o;2017-01-13 19:09:30.531;2017-01-13 19:09:36.755;5;M;1;0;;;
196519;ts4o;2017-01-13 19:10:15.187;2017-01-13 19:11:04.926;4;M;8;1;;;
196519;ts5o;2017-01-13 19:12:53.703;2017-01-13 19:12:53.703;5;M;8;0;;;
196511;ts6o;2017-01-13 19:12:53.703;2017-01-13 19:12:53.703;6;M;1;0;;;
196519;terr;2017-01-13 19:12:53.703;2017-01-13 19:12:53.703;5;M;8;;699;;
196519;ts6o;2017-01-13 19:12:58.203;2017-01-13 19:12:58.203;6;M;8;0;;;
196511;ts7o;2017-01-13 19:12:58.203;2017-01-13 19:12:58.203;7;M;1;0;;;
196519;ts7o;2017-01-13 19:13:02.484;2017-01-13 19:13:02.484;7;M;8;0;;;
196511;ts8o;2017-01-13 19:13:02.484;2017-01-13 19:13:02.484;8;M;1;0;;0;0
196519;ts8o;2017-01-13 19:13:06.812;2017-01-13 19:13:06.812;8;M;8;0;;0;0